{"cQaXuu8qMrMP1QfZPUt4Zw==":"color_dark_logo_transparent-122x122.png","f6KClN/2YZbsk/Y8oHX9YQ==":"color_dark_logo_transparent-1-122x122.png","11iXtpt7NDAYnKqRh8o5Kg==":"color_dark_logo_transparent-192x192.png","lSF1UjZLBji4CUVRweyjwA==":"color_dark_logo_transparent-1-192x192.png","kn8zyC+l5LRSWzO6jMK+eg==":"white_logo_transparent-342x342.png","SNCiqLZV/eppAhL1t9V12Q==":"white_logo_color_background-2000x2000.png","l5kKl4XfaQjadKO9rAuOeg==":"slide1-506x285.png","+A538d7H3OAfrru9GzB6UQ==":"slide2-506x285.png","i6e29BYfbml8f/J+WmP2ug==":"slide3-506x285.png","/fyzV69m1N6ON7NKz2w2hA==":"slide4-506x285.png","rE/gwG1JDWNnJzvRxJd/dQ==":"slide5-506x285.png","w0J0UKt+S8vAzAzWSW/KRg==":"slide6-506x285.png","41KfUT06p4eKSSPBW9b1aQ==":"slide7-506x285.png","2E+h9GE6aAu9F5ezGorxWw==":"slide8-506x285.png","5ZcZP+AXXVDhG/3lT08xkw==":"slide11-506x285.png","wXGCEhg52H8EJq1Olfe7jw==":"slide12-506x285.png","OmI9vUJy6cZLcOHQqVdY8w==":"slide13-506x285.png","IB4ytxG5MT/JInxqcyk6+A==":"slide14-506x285.png","uZqI6TAGpWUBEgD10QPQ2Q==":"slide15-506x285.png","b7aLApEk4jdhhLrOrAxh6w==":"slide16-506x285.png","gUMbNVRQCzGPxuwnzyawcw==":"about%20us-900x506.png","fNVOHkxY0TNGu8DFnNjaUA==":"about%20us-900x506.png","ozmq3Io1h2urYROMrkamtQ==":"about%20us-1314x739.png","RSMqtbbsoZIxG36WPHz75Q==":"about%20us-1066x600.png","ZWA3CKULOg84s9ifkwjXTA==":"about%20us-1066x600.png","Gm8l8thuT8h3L1OaB5YtDw==":"r&d-900x506.png","omvLCdmi8F/FldbVsXlNkw==":"r&d-1-900x506.png","wZwt/LDApITbIihl1279wA==":"r&d-774x435.png","4vERJt9+qnINXvpxjtos5Q==":"r&d-1-774x435.png","RdENt+fCe3JR6M6K0Pwi4g==":"r&d-1068x601.png","es94EJ6F5djJ1Ypls3CpeQ==":"r&d-1066x600.png","C6fXapjn1QLMjF/5qlEUDA==":"strengths-900x506.png","UeVZY9ygTf0m5VSJmlJ2CA==":"about%20us-676x380.png","Iea+O3nvMlVZ1sl3Aixc6Q==":"r&d-676x380.png","0GfKnnQud3u8nWgOurp2nw==":"strengths-676x380.png","fx3SE/TOWLxZCfG0aQqHZw==":"slide8-696x392.png","D5mjzZ422kUmSvYa7oUsjw==":"slide9-696x392.png","ODA2v9h5JlkPbm5VGjOeuQ==":"slide10-696x392.png","boroj72kb4JtLlqbifqf+w==":"slide17-696x392.png","QbKMz/VgELpIPnu3dsIWIA==":"slide1-696x392.png","4fbUJY7APaP5m4Ve96zeZg==":"slide18-696x392.png","nte0r0Hfu41Ck8ATmfdb1w==":"slide22-696x392.png","BA5F18gY6VlkLkRS4kKfOg==":"slide21-696x392.png","nS/J6z3UAjBD8wOeSR0aow==":"slide20-506x285.png","vVQx/TszJYXw8l7hsc4ohw==":"slide19-506x285.png","gUt/RgF7PhBTEoRO974qeA==":"slide23-506x285.png","Mju1vJzcdRY2cZe45BpQzQ==":"white_logo_color_background-1-2000x2000.png","kqosnA79wc40OnNr2kxcpw==":"white_logo_color_background-2-2000x2000.png","40umIW3OKCsJew23qyi4rQ==":"white_logo_color_background-3-2000x2000.png"}